<?xml version="1.0" encoding="UTF-8"?>

<!DOCTYPE mapper PUBLIC "-//mybatis.org//DTD Mapper 3.0//EN" "http://mybatis.org/dtd/mybatis-3-mapper.dtd">

<mapper namespace="ColaboradorMapper">
    <select id="obtenerTodosColaborador" resultType="pojo.Colaborador">
        SELECT c.idColaborador, c.nombreColaborador,  c.apellidoPaterno, 
        c.apellidoMaterno, c.noPersonal, c.correoElectronico, c.curp, 
        c.contrasenia, c.licencia, r.idRol, r.tipoRol, u.idUnidad, u.vin
        FROM colaborador c
        INNER JOIN rol r ON r.idRol = c.idRol
        LEFT JOIN unidad u ON u.idUnidad = c.idUnidad
    </select>
    
    <select id="obtenerNoPersonal" resultType="pojo.Colaborador">
        SELECT c.idColaborador, c.nombreColaborador,  c.apellidoPaterno, 
        c.apellidoMaterno, c.noPersonal, c.correoElectronico, c.curp, 
        c.contrasenia, c.licencia, r.idRol, r.tipoRol, u.idUnidad, u.vin
        FROM colaborador c
        INNER JOIN rol r ON r.idRol = c.idRol
        LEFT JOIN unidad u ON u.idUnidad = c.idUnidad
        WHERE c.noPersonal = #{noPersonal}
    </select>
    
    <insert id="agregar" parameterType="pojo.Colaborador">
        INSERT INTO colaborador (nombreColaborador, apellidoPaterno, apellidoMaterno, 
        curp, correoElectronico, noPersonal, contrasenia, fotografia, licencia, idRol, idUnidad) 
        VALUES (#{nombreColaborador}, #{apellidoPaterno}, #{apellidoMaterno}, #{curp}, 
        #{correoElectronico}, #{noPersonal}, #{contrasenia}, #{fotografia}, #{licencia}, #{idRol}, #{idUnidad});
    </insert>
    
    <update id="actualizar" parameterType="pojo.Colaborador">
        UPDATE colaborador
        SET nombreColaborador = #{nombreColaborador}, 
        apellidoPaterno = #{apellidoPaterno}, 
        apellidoMaterno = #{apellidoMaterno}, 
        curp = #{curp}, 
        correoElectronico = #{correoElectronico}, 
        contrasenia = #{contrasenia},
        licencia = #{licencia}, 
        idRol = #{idRol}, 
        idUnidad = #{idUnidad}
        WHERE noPersonal = #{noPersonal};
    </update>

    <delete id="eliminar" parameterType="pojo.Colaborador">
        DELETE FROM colaborador
        WHERE noPersonal = #{noPersonal}
    </delete>
    
    <select id="verificarUnidad" parameterType="int" resultType="int"> 
        SELECT COUNT(*) FROM colaborador 
        WHERE idUnidad = #{idUnidad} 
    </select>
    
    <update id="desasignarUnidad" parameterType="int"> 
        UPDATE colaborador SET idUnidad = NULL 
        WHERE idUnidad = #{idUnidad} 
    </update>
    
    <update id="asignarUnidad" parameterType="pojo.Colaborador">
        UPDATE colaborador
        SET
        idUnidad = #{idUnidad}
        WHERE noPersonal = #{noPersonal};
    </update>
    
    <select id="obtenerFoto" parameterType="java.lang.String" resultType="pojo.Colaborador">
        SELECT TO_BASE64(fotografia) as fotografia, noPersonal
        FROM colaborador
        WHERE noPersonal = #{noPersonal}
    </select>
</mapper>