<?xml version="1.0" encoding="UTF-8"?>

<!DOCTYPE mapper
PUBLIC "-//mybatis.org//DTD Mapper 3.0//EN"
"http://mybatis.org/dtd/mybatis-3-mapper.dtd">

<mapper namespace="unidad">
    <select id = "unidades" resultType="pojo.Unidad">
        Select u.idUnidad, u.marca, u.modelo,u.anio,u.vin,
        u.noIdentificacion, tu.tipoUnidad, c.noPersonal,
        tu.idTipoUnidad
        from Unidad u
        LEFT JOIN colaborador c ON c.idUnidad = u.idUnidad
        INNER JOIN TipoUnidad tu on tu.idTipoUnidad = u.idTipoUnidad;
    </select>
    <select id = "unidadVin" resultType="pojo.Unidad">
        Select u.idUnidad, u.marca, u.modelo, u.anio, u.vin, u.noIdentificacion, 
        tu.tipoUnidad
        from Unidad u
        INNER JOIN TipoUnidad tu ON tu.idTipoUnidad = u.TipoUnidad
        WHERE u.vin = #{vin};
    </select>
    <insert id ="registrarUnidad" parameterType="pojo.Unidad">
        insert into Unidad (marca, modelo,anio,vin,noIdentificacion, idTipoUnidad)
        values(#{marca}, #{modelo},#{anio},#{vin},#{noIdentificacion}, #{idTipoUnidad})
    </insert>
    <update id ="actualizarUnidad" parameterType="pojo.Unidad">
        update Unidad 
        set 
        marca = #{marca}, 
        modelo = #{modelo},
        anio = #{anio},  
        noIdentificacion = #{noIdentificacion},  
        idTipoUnidad = #{idTipoUnidad}
        WHERE vin = #{vin};
    </update>
    <delete id ="eliminarUnidad" parameterType="pojo.Colaborador">
        DELETE FROM Unidad
        WHERE vin = #{vin};
    </delete>
</mapper>
