<?xml version="1.0" encoding="UTF-8"?>
<project-private xmlns="http://www.netbeans.org/ns/project-private/1">
    <editor-bookmarks xmlns="http://www.netbeans.org/ns/editor-bookmarks/2" lastBookmarkId="0"/>
    <open-files xmlns="http://www.netbeans.org/ns/projectui-open-files/2">
        <group>
            <file>file:/D:/Documentos%20(D)/ProyectoIntegracion/CapaServicios/src/java/dominio/ImpColaboradores.java</file>
            <file>file:/D:/Documentos%20(D)/ProyectoIntegracion/CapaServicios/src/java/mybatis/mappers/ColaboradorMapper.xml</file>
            <file>file:/D:/Documentos%20(D)/ProyectoIntegracion/CapaServicios/src/java/ws/WSColaborador.java</file>
        </group>
    </open-files>
</project-private>
